{"cameraMode":{"drawMode":0,"name":"Shaded","section":"Shading Mode"},"sceneLighting":true,"audioPlay":false,"sceneViewState":{"showFog":true,"showMaterialUpdate":false,"showSkybox":true,"showFlares":true,"showImageEffects":true,"showParticleSystems":true,"showVisualEffectGraphs":true,"m_FxEnabled":true},"in2DMode":false,"pivot":{"x":-13.086560249328614,"y":27.369632720947267,"z":0.4495067596435547},"rotation":{"x":0.5488905310630798,"y":0.07649485021829605,"z":-0.05053700879216194,"w":0.8308659791946411},"size":4.154331207275391,"orthographic":false}