{"cameraMode":{"drawMode":0,"name":"Shaded","section":"Shading Mode"},"sceneLighting":false,"audioPlay":false,"sceneViewState":{"showFog":true,"showMaterialUpdate":false,"showSkybox":false,"showFlares":true,"showImageEffects":true,"showParticleSystems":true,"showVisualEffectGraphs":true,"m_FxEnabled":true},"in2DMode":false,"pivot":{"x":0.0888512134552002,"y":-0.07184433937072754,"z":0.02202102541923523},"rotation":{"x":0.19552204012870789,"y":0.014705873094499112,"z":-0.0029389692936092617,"w":0.980596661567688},"size":1.96784508228302,"orthographic":false}